{
  "tx": 0.08565501022343047,
  "ty": 0.01196888709967098,
  "tz": -0.10002938105839042,
  "qx": 0.0013245734950090224,
  "qy": 0.7116533221531046,
  "qz": -0.0034589300415406553,
  "qw": 0.7025210533332603
}